<?xml version="1.0" encoding="UTF-8"?>
<beans xmlns="http://www.springframework.org/schema/beans"
	xmlns:xsi="http://www.w3.org/2001/XMLSchema-instance"
	xmlns:context="http://www.springframework.org/schema/context"
	xsi:schemaLocation="http://www.springframework.org/schema/beans http://www.springframework.org/schema/beans/spring-beans.xsd
		http://www.springframework.org/schema/context http://www.springframework.org/schema/context/spring-context-3.0.xsd">

	<bean id="sbu" class="com.capgemini.spring.lab1_3.SBU">
		<property name="sbuCode" value="PES-BU"></property>
		<property name="sbuHead" value="Kiran Rao"></property>
		<property name="sbuName" value="Product Engineering Services"></property>
		<property name="empList">
		<list>
		<ref bean="employee1"/>
		<ref bean="employee2"/>
		<ref bean="employee3"/>
		<ref bean="employee4"/>
		</list>
		</property>
	</bean>

	<bean id="employee1" class="com.capgemini.spring.lab1_3.Employee">
		<property name="employeeId" value="12345" />
		<property name="employeeName" value="Harriet" />
		<property name="salary" value="40000" />
		<property name="businessUnit" ref="sbu" />
		<property name="empAge" value="40"></property>
	</bean>
	
	<bean id="employee2" class="com.capgemini.spring.lab1_3.Employee">
		<property name="employeeId" value="12345" />
		<property name="employeeName" value="Harriet" />
		<property name="salary" value="40000" />
		<property name="businessUnit" ref="sbu" />
		<property name="empAge" value="40"></property>
	</bean>
	
	<bean id="employee3" class="com.capgemini.spring.lab1_3.Employee">
		<property name="employeeId" value="12345" />
		<property name="employeeName" value="Harriet" />
		<property name="salary" value="40000" />
		<property name="businessUnit" ref="sbu" />
		<property name="empAge" value="40"></property>
	</bean>
	
	<bean id="employee4" class="com.capgemini.spring.lab1_3.Employee">
		<property name="employeeId" value="12345" />
		<property name="employeeName" value="Harriet" />
		<property name="salary" value="40000" />
		<property name="businessUnit" ref="sbu" />
		<property name="empAge" value="40"></property>
	</bean>

</beans>
