<?xml version="1.0" encoding="UTF-8"?>
<beans xmlns="http://www.springframework.org/schema/beans"
	xmlns:xsi="http://www.w3.org/2001/XMLSchema-instance"
	xsi:schemaLocation="http://www.springframework.org/schema/beans http://www.springframework.org/schema/beans/spring-beans.xsd">

	<bean id="sbu" class="com.capgemini.spring.lab1_2.SBU">
		<property name="sbuCode" value="PES-BU"></property>
		<property name="sbuHead" value="Kiran Rao"></property>
		<property name="sbuName" value="Product Engineering Services"></property>
	</bean>
	
	<bean id="employee" class="com.capgemini.spring.lab1_2.Employee">
		<property name="employeeId" value="12345"/>
		<property name="employeeName" value="Harriet"/>
		<property name="salary" value="40000"/>
		<property name="businessUnit" ref="sbu"/>
		<property name="empAge" value="40"></property>
	</bean>
</beans>
